{
  "cot_decomposition": {
    "mtrr": 0.615,
    "avg_rouge": 0.34808420811743845,
    "avg_nem": 0.47208964646464646,
    "avg_sem": 0.6560937071405352,
    "avg_judge": 0.0,
    "avg_klt": null,
    "n": 400
  },
  "triangulation": {
    "mtrr": 0.615,
    "avg_rouge": 0.34808420811743845,
    "avg_nem": 0.47208964646464646,
    "avg_sem": 0.6560937071405352,
    "avg_judge": 0.0,
    "avg_klt": null,
    "n": 400
  },
  "overall_mtrr_trained": null,
  "overall_mtrr_transfer": 0.615,
  "overall_mtrr_stress": null
}