{
  "cot_decomposition": {
    "mtrr": 0.0025,
    "avg_rouge": 0.0032207792207792204,
    "avg_nem": 0.0017045454545454545,
    "avg_sem": 0.022735789723228664,
    "avg_judge": 0.0,
    "avg_klt": null,
    "n": 400
  },
  "triangulation": {
    "mtrr": 0.0025,
    "avg_rouge": 0.0032207792207792204,
    "avg_nem": 0.0017045454545454545,
    "avg_sem": 0.022735789723228664,
    "avg_judge": 0.0,
    "avg_klt": null,
    "n": 400
  },
  "overall_mtrr_trained": null,
  "overall_mtrr_transfer": 0.0025,
  "overall_mtrr_stress": null
}