{
  "cot_decomposition": {
    "mtrr": 0.54,
    "avg_rouge": 0.1711129703857908,
    "avg_nem": 0.359449044011544,
    "avg_sem": 0.667952543348074,
    "avg_judge": 0.0,
    "avg_klt": null,
    "n": 400
  },
  "triangulation": {
    "mtrr": 0.54,
    "avg_rouge": 0.1711129703857908,
    "avg_nem": 0.359449044011544,
    "avg_sem": 0.667952543348074,
    "avg_judge": 0.0,
    "avg_klt": null,
    "n": 400
  },
  "overall_mtrr_trained": null,
  "overall_mtrr_transfer": 0.54,
  "overall_mtrr_stress": null
}