{
  "cot_decomposition": {
    "mtrr": 0.85,
    "avg_rouge": 0.3865274600829522,
    "avg_nem": 0.6665746753246753,
    "avg_sem": 0.7695995030552149,
    "avg_judge": 0.0,
    "avg_klt": null,
    "n": 400
  },
  "triangulation": {
    "mtrr": 0.85,
    "avg_rouge": 0.3865274600829522,
    "avg_nem": 0.6665746753246753,
    "avg_sem": 0.7695995030552149,
    "avg_judge": 0.0,
    "avg_klt": null,
    "n": 400
  },
  "overall_mtrr_trained": null,
  "overall_mtrr_transfer": 0.85,
  "overall_mtrr_stress": null
}