{
  "cot_decomposition": {
    "mtrr": 0.985,
    "avg_rouge": 0.9464831473604876,
    "avg_nem": 0.9613095238095238,
    "avg_sem": 0.9800162868201733,
    "avg_judge": 0.0,
    "avg_klt": null,
    "n": 400
  },
  "triangulation": {
    "mtrr": 0.985,
    "avg_rouge": 0.9464831473604876,
    "avg_nem": 0.9613095238095238,
    "avg_sem": 0.9800162868201733,
    "avg_judge": 0.0,
    "avg_klt": null,
    "n": 400
  },
  "overall_mtrr_trained": null,
  "overall_mtrr_transfer": 0.985,
  "overall_mtrr_stress": null
}