{
  "cot_decomposition": {
    "mtrr": 0.8825,
    "avg_rouge": 0.526205405508002,
    "avg_nem": 0.660129329004329,
    "avg_sem": 0.8357840052247048,
    "avg_judge": 0.0,
    "avg_klt": null,
    "n": 400
  },
  "triangulation": {
    "mtrr": 0.8825,
    "avg_rouge": 0.526205405508002,
    "avg_nem": 0.660129329004329,
    "avg_sem": 0.8357840052247048,
    "avg_judge": 0.0,
    "avg_klt": null,
    "n": 400
  },
  "overall_mtrr_trained": null,
  "overall_mtrr_transfer": 0.8825,
  "overall_mtrr_stress": null
}